Bin index,Category,Phylum,Class,Order,Family,Genus,Species
MAG_10,chromosome,FirmicuteA,Clostridia,Oscillospirales,Oscillospiraceae,Alloscillospira,Unclassified
MAG_101,chromosome,FirmicuteA,Clostridia,Oscillospirales,Oscillospiraceae,CAJFPI01,Unclassified
MAG_1018,chromosome,FirmicuteA,Clostridia,Oscillospirales,Oscillospiraceae,Evtepia,Unclassified
MAG_102,chromosome,FirmicuteA,Clostridia,Oscillospirales,Acutalibacteraceae,RUG806,Unclassified
MAG_1023,chromosome,Bacteroidota,Bacteroidia,Bacteroidales,Bacteroidaceae,HGM04593,Unclassified
MAG_1025,chromosome,Bacteroidota,Bacteroidia,Bacteroidales,Bacteroidaceae,HGM04593,Unclassified
MAG_1026,chromosome,FirmicuteA,Clostridia,Peptostreptococcales,Anaerovoracaceae,RGIG446,RGIG446 sp017621195
MAG_103,chromosome,Verrucomicrobiota,Verrucomicrobiae,Verrucomicrobiales,Akkermansiaceae,Akkermansia,Akkermansia sp015061985
MAG_1033,chromosome,FirmicuteA,Clostridia,TANB77,CAG-508,HGM13634,Unclassified
MAG_1036,chromosome,FirmicuteA,Clostridia,Christensenellales,UBA1242,Onthoplasma,Unclassified
MAG_1037,chromosome,FirmicuteA,Clostridia,Oscillospirales,Oscillospiraceae,CAG-83,Unclassified
MAG_104,chromosome,FirmicuteA,Clostridia,Christensenellales,Unclassified,Unclassified,Unclassified
MAG_1040,chromosome,Proteobacteria,Alphaproteobacteria,Rickettsiales,UBA1997,Unclassified,Unclassified
MAG_1044,chromosome,FirmicuteA,Clostridia,Oscillospirales,Oscillospiraceae,CAG-83,Unclassified
MAG_105,chromosome,FirmicuteA,Clostridia,Oscillospirales,Oscillospiraceae,Avoscillospira,Unclassified
MAG_1057,chromosome,FirmicuteA,Clostridia,Oscillospirales,Acutalibacteraceae,UMGS1532,Unclassified
MAG_1063,chromosome,FirmicuteA,Clostridia,Oscillospirales,Oscillospiraceae,RGIG3159,Unclassified
MAG_107,chromosome,Bacteroidota,Bacteroidia,Bacteroidales,Muribaculaceae,Paramuribaculum,Paramuribaculum sp900551515
MAG_108,chromosome,FirmicuteA,Clostridia,Christensenellales,CAG-74,Faecivicinus,Unclassified
MAG_1083,chromosome,FirmicuteA,Clostridia,Oscillospirales,Oscillospiraceae,Unclassified,Unclassified
MAG_109,chromosome,FirmicuteA,Clostridia,Oscillospirales,CAG-272,RUG11130,Unclassified
MAG_1091,chromosome,FirmicuteA,Clostridia,Lachnospirales,UBA1390,Unclassified,Unclassified
MAG_11,chromosome,FirmicuteA,Clostridia,Christensenellales,CAG-74,RGIG4709,Unclassified
MAG_110,chromosome,FirmicuteA,Clostridia,Oscillospirales,CAG-272,RUG11130,Unclassified
MAG_1103,chromosome,FirmicuteA,Clostridia,Oscillospirales,CAG-272,Avispirillum,Unclassified
MAG_1109,chromosome,Bacteroidota,Bacteroidia,Bacteroidales,Tannerellaceae,Parabacteroides,Parabacteroides distasoniB
MAG_1112,chromosome,Proteobacteria,Gammaproteobacteria,Burkholderiales,Burkholderiaceae,Parasutterella,Parasutterella sp900552195
MAG_1113,chromosome,FirmicuteA,Clostridia,Oscillospirales,Oscillospiraceae,SIG483,Unclassified
MAG_1117,chromosome,FirmicuteA,Clostridia,Oscillospirales,Oscillospiraceae,Faecousia,Unclassified
MAG_1120,chromosome,FirmicuteA,Clostridia,Oscillospirales,Acutalibacteraceae,UBA1081,Unclassified
MAG_1122,chromosome,Actinobacteriota,Actinomycetia,Actinomycetales,Bifidobacteriaceae,RGIG1476,RGIG1476 sp017413255
MAG_1123,chromosome,FirmicuteA,Clostridia,Oscillospirales,CAG-272,UBA1740,Unclassified
MAG_1126,chromosome,Bacteroidota,Bacteroidia,Bacteroidales,Bacteroidaceae,Phocaeicola,Unclassified
MAG_113,chromosome,FirmicuteA,Clostridia,Christensenellales,Christensenellaceae,Unclassified,Unclassified
MAG_1134,chromosome,FirmicuteA,Clostridia,Oscillospirales,Ruminococcaceae,Ruminococcus,Ruminococcus sp015066925
MAG_1135,chromosome,FirmicuteA,Clostridia,Oscillospirales,Ruminococcaceae,RGIG3102,Unclassified
MAG_1136,chromosome,FirmicuteA,Clostridia,Christensenellales,Borkfalkiaceae,Scatosoma,Unclassified
MAG_1137,chromosome,FirmicuteA,Clostridia,Oscillospirales,JAAYXM01,RGIG7332,Unclassified
MAG_1138,chromosome,FirmicuteA,Clostridia,Oscillospirales,Oscillospiraceae,Faecousia,Unclassified
MAG_1150,chromosome,Bacteroidota,Bacteroidia,Bacteroidales,UBA932,Cryptobacteroides,Unclassified
MAG_116,chromosome,FirmicuteA,Clostridia,Oscillospirales,Acutalibacteraceae,Clostridium_A,Unclassified
MAG_1166,chromosome,Desulfobacterota_I,Desulfovibrionia,Desulfovibrionales,Desulfovibrionaceae,Mailhella,Unclassified
MAG_117,chromosome,FirmicuteA,Clostridia,Oscillospirales,Acutalibacteraceae,UBA1081,Unclassified
MAG_1172,chromosome,FirmicuteA,Clostridia,Oscillospirales,Oscillospiraceae,UBA738,Unclassified
MAG_1173,chromosome,FirmicuteA,Clostridia,Oscillospirales,Acutalibacteraceae,UBA737,Unclassified
MAG_1174,chromosome,FirmicuteA,Clostridia,Lachnospirales,Lachnospiraceae,RUG11977,Unclassified
MAG_1175,chromosome,FirmicuteA,Clostridia,Oscillospirales,Oscillospiraceae,Faecousia,Unclassified
MAG_1177,chromosome,FirmicuteC,Negativicutes,Veillonellales,Dialisteraceae,Dialister,Dialister sp000434475
MAG_1186,chromosome,FirmicuteA,Clostridia,Christensenellales,UBA1242,HGM11367,Unclassified
MAG_1189,chromosome,FirmicuteA,Clostridia,Oscillospirales,Acutalibacteraceae,UMGS1071,Unclassified
MAG_119,chromosome,FirmicuteA,Clostridia,Lachnospirales,Lachnospiraceae,RGIG4284,Unclassified
MAG_1193,chromosome,FirmicuteA,Clostridia,Oscillospirales,Oscillospiraceae,Limivicinus,Unclassified
MAG_1194,chromosome,Bacteroidota,Bacteroidia,Bacteroidales,Bacteroidaceae,Phocaeicola,Unclassified
MAG_1195,chromosome,Bacteroidota,Bacteroidia,Bacteroidales,Bacteroidaceae,Phocaeicola,Unclassified
MAG_1196,chromosome,Bacteroidota,Bacteroidia,Bacteroidales,Muribaculaceae,Muribaculum,Muribaculum sp003150235
MAG_12,chromosome,FirmicuteA,Clostridia,Lachnospirales,Lachnospiraceae,Mediterraneibacter_A,Unclassified
MAG_1206,chromosome,Bacteroidota,Bacteroidia,Bacteroidales,Bacteroidaceae,Phocaeicola,Unclassified
MAG_1210,chromosome,Bacteroidota,Bacteroidia,Bacteroidales,Bacteroidaceae,HGM04593,HGM04593 sp017407905
MAG_1211,chromosome,Bacteroidota,Bacteroidia,Bacteroidales,Rikenellaceae,Tidjanibacter,Tidjanibacter sp017935385
MAG_1212,chromosome,Bacteroidota,Bacteroidia,Bacteroidales,Rikenellaceae,Tidjanibacter,Tidjanibacter sp017935385
MAG_1215,chromosome,FirmicuteA,Clostridia,Lachnospirales,Lachnospiraceae,Unclassified,Unclassified
MAG_1218,chromosome,Verrucomicrobiota,Verrucomicrobiae,Verrucomicrobiales,Akkermansiaceae,Akkermansia,Akkermansia sp015061985
MAG_1219,chromosome,Verrucomicrobiota,Verrucomicrobiae,Verrucomicrobiales,Akkermansiaceae,Akkermansia,Akkermansia sp015061985
MAG_1221,chromosome,Bacteroidota,Bacteroidia,Bacteroidales,Bacteroidaceae,HGM04593,HGM04593 sp017407905
MAG_1227,chromosome,FirmicuteA,Clostridia,TANB77,CAG-508,CAG-269,Unclassified
MAG_1233,chromosome,Bacteroidota,Bacteroidia,Bacteroidales,UBA932,Cryptobacteroides,Cryptobacteroides sp017626555
MAG_1236,chromosome,Firmicutes,Bacilli,Erysipelotrichales,Erysipelotrichaceae,Breznakia,Unclassified
MAG_1239,chromosome,Proteobacteria,Gammaproteobacteria,Enterobacterales,Enterobacteriaceae,Escherichia,Escherichia coli
MAG_124,chromosome,FirmicuteA,Clostridia,Oscillospirales,Oscillospiraceae,Unclassified,Unclassified
MAG_1241,chromosome,FirmicuteA,Clostridia,Oscillospirales,Ruminococcaceae,UMGS1668,UMGS1668 sp018110905
MAG_1244,chromosome,FirmicuteA,Clostridia,Christensenellales,UBA1242,UBA5489,Unclassified
MAG_125,chromosome,FirmicuteA,Clostridia,Lachnospirales,Lachnospiraceae,Faecalimonas,Unclassified
MAG_1253,chromosome,Bacteroidota,Bacteroidia,Bacteroidales,Rikenellaceae,Alistipes,Alistipes shahii
MAG_1254,chromosome,Bacteroidota,Bacteroidia,Bacteroidales,Bacteroidaceae,Phocaeicola,Phocaeicola vulgatus
MAG_1255,chromosome,Bacteroidota,Bacteroidia,Bacteroidales,UBA932,Cryptobacteroides,Unclassified
MAG_1256,chromosome,Bacteroidota,Bacteroidia,Bacteroidales,UBA932,Cryptobacteroides,Unclassified
MAG_1257,chromosome,FirmicuteA,Clostridia,Oscillospirales,Oscillospiraceae,Faecousia,Unclassified
MAG_1259,chromosome,Cyanobacteria,Vampirovibrionia,Gastranaerophilales,Gastranaerophilaceae,Unclassified,Unclassified
MAG_1263,chromosome,Bacteroidota,Bacteroidia,Bacteroidales,Bacteroidaceae,Phocaeicola_A,Phocaeicola_A sp017516265
MAG_1264,chromosome,Proteobacteria,Alphaproteobacteria,RF32,UBA3637,RGIG4140,RGIG4140 sp015062385
MAG_1271,chromosome,Verrucomicrobiota,Lentisphaeria,Victivallales,UBA1829,SIG77,Unclassified
MAG_1285,chromosome,FirmicuteA,Clostridia,Oscillospirales,Butyricicoccaceae,SIG502,SIG502 sp015067675
MAG_1287,chromosome,FirmicuteA,Clostridia,Oscillospirales,Butyricicoccaceae,SIG502,SIG502 sp015067675
MAG_129,chromosome,Actinobacteriota,Coriobacteriia,Coriobacteriales,Eggerthellaceae,ZJ141,Unclassified
MAG_1290,chromosome,FirmicuteA,Clostridia,Oscillospirales,Oscillospiraceae,Limivicinus,Unclassified
MAG_1291,chromosome,FirmicuteA,Clostridia,Oscillospirales,Oscillospiraceae,Limivicinus,Unclassified
MAG_1296,chromosome,FirmicuteA,Clostridia,Oscillospirales,Oscillospiraceae,Faecousia,Faecousia sp905215665
MAG_1298,chromosome,FirmicuteA,Clostridia,Lachnospirales,Lachnospiraceae,Acetatifactor,Unclassified
MAG_1299,chromosome,FirmicuteA,Clostridia,Lachnospirales,Lachnospiraceae,Acetatifactor,Unclassified
MAG_1308,chromosome,FirmicuteA,Clostridia,Christensenellales,Borkfalkiaceae,UBA4636,Unclassified
MAG_1311,chromosome,Bacteroidota,Bacteroidia,Bacteroidales,Bacteroidaceae,Phocaeicola,Phocaeicola sp015060705
MAG_1314,chromosome,FirmicuteB,Dehalobacteriia,UBA7702,UBA7702,UBA7702,Unclassified
MAG_1325,chromosome,FirmicuteA,Clostridia,RGIG6154,RGIG6154,RGIG2094,Unclassified
MAG_1326,chromosome,FirmicuteA,Clostridia,Christensenellales,UBA1242,Caccovivens,Unclassified
MAG_1327,chromosome,Bacteroidota,Bacteroidia,Bacteroidales,UBA932,Cryptobacteroides,Unclassified
MAG_1328,chromosome,Bacteroidota,Bacteroidia,Bacteroidales,UBA932,Cryptobacteroides,Unclassified
MAG_1333,chromosome,FirmicuteA,Clostridia,Oscillospirales,Oscillospiraceae,F23-B02,F23-B02 sp900760205
MAG_1334,chromosome,FirmicuteA,Clostridia,Oscillospirales,Oscillospiraceae,F23-B02,F23-B02 sp900760205
MAG_1338,chromosome,Bacteroidota,Bacteroidia,Bacteroidales,Bacteroidaceae,Phocaeicola,Phocaeicola sp017466635
MAG_1350,chromosome,FirmicuteA,Clostridia,Christensenellales,CAG-138,Unclassified,Unclassified
MAG_1351,chromosome,FirmicuteA,Clostridia,Christensenellales,CAG-138,Unclassified,Unclassified
MAG_1356,chromosome,FirmicuteA,Clostridia,Lachnospirales,Lachnospiraceae,UBA3766,UBA3766 sp017622505
MAG_1357,chromosome,FirmicuteA,Clostridia,Lachnospirales,Lachnospiraceae,UBA3766,UBA3766 sp017622505
MAG_136,chromosome,FirmicuteA,Clostridia,Oscillospirales,Oscillospiraceae,Pelethomonas,Unclassified
MAG_1363,chromosome,Bacteroidota,Bacteroidia,Bacteroidales,UBA932,Egerieousia,Egerieousia sp017625535
MAG_1367,chromosome,FirmicuteA,Clostridia,Christensenellales,MARSEILLE-P3954,RGIG9107,Unclassified
MAG_137,chromosome,FirmicuteA,Clostridia,Christensenellales,Christensenellaceae,Unclassified,Unclassified
MAG_1376,chromosome,FirmicuteA,Clostridia,Oscillospirales,Oscillospiraceae,Dysosmobacter,Unclassified
MAG_1377,chromosome,FirmicuteA,Clostridia,Oscillospirales,Oscillospiraceae,Dysosmobacter,Unclassified
MAG_138,chromosome,FirmicuteA,Clostridia,Oscillospirales,Oscillospiraceae,Faecousia,Unclassified
MAG_1382,chromosome,FirmicuteA,Clostridia,Lachnospirales,Lachnospiraceae,Faecalimonas,Unclassified
MAG_1389,chromosome,FirmicuteA,Clostridia,Oscillospirales,Oscillospiraceae,An92,Unclassified
MAG_139,chromosome,FirmicuteA,Clostridia,Christensenellales,CAG-74,UBA11524,Unclassified
MAG_1392,chromosome,Verrucomicrobiota,Lentisphaeria,Victivallales,UBA1829,UBA11452,UBA11452 sp003526375
MAG_1395,chromosome,FirmicuteA,Clostridia,Christensenellales,CAG-138,Unclassified,Unclassified
MAG_1396,chromosome,FirmicuteA,Clostridia,Christensenellales,CAG-138,Unclassified,Unclassified
MAG_1398,chromosome,FirmicuteA,Clostridia,Christensenellales,UBA1242,Unclassified,Unclassified
MAG_140,chromosome,FirmicuteA,Clostridia,Oscillospirales,Oscillospiraceae,Avoscillospira,Unclassified
MAG_1402,chromosome,FirmicuteA,Clostridia,Lachnospirales,Lachnospiraceae,Choladousia,Unclassified
MAG_1403,chromosome,FirmicuteA,Clostridia,Lachnospirales,Lachnospiraceae,HGM12587,Unclassified
MAG_1406,chromosome,FirmicuteA,Clostridia,Oscillospirales,Butyricicoccaceae,Butyricicoccus,Unclassified
MAG_1411,chromosome,FirmicuteA,Clostridia,Christensenellales,CAG-138,MWCU01,Unclassified
MAG_1414,chromosome,FirmicuteA,Clostridia,Oscillospirales,Oscillospiraceae,Faecousia,Unclassified
MAG_1418,chromosome,Firmicutes,Bacilli,Erysipelotrichales,Erysipelotrichaceae,RGIG1896,RGIG1896 sp017473335
MAG_142,chromosome,FirmicuteA,Clostridia,Lachnospirales,Lachnospiraceae,Eubacterium_G,Unclassified
MAG_1421,chromosome,FirmicuteA,Clostridia,Lachnospirales,Lachnospiraceae,SIG307,SIG307 sp017463035
MAG_1424,chromosome,Proteobacteria,Alphaproteobacteria,RF32,CAG-239,Scatacola_A,Scatacola_A faecigallinarum
MAG_1427,chromosome,FirmicuteA,Clostridia,Oscillospirales,Oscillospiraceae,Dysosmobacter,Unclassified
MAG_144,chromosome,Bacteroidota,Bacteroidia,Bacteroidales,UBA11471,UBA11471,UBA11471 sp900547555
MAG_1442,chromosome,FirmicuteA,Clostridia,Oscillospirales,Oscillospiraceae,Avoscillospira,Unclassified
MAG_145,chromosome,FirmicuteA,Clostridia,Oscillospirales,Ruminococcaceae,UBA1405,Unclassified
MAG_1450,chromosome,FirmicuteA,Clostridia,Oscillospirales,Acutalibacteraceae,CAG-488,CAG-488 sp017936645
MAG_1451,chromosome,FirmicuteA,Clostridia,Oscillospirales,Acutalibacteraceae,CAG-488,CAG-488 sp017936645
MAG_1457,chromosome,FirmicuteA,Clostridia,Christensenellales,Borkfalkiaceae,UBA1259,Unclassified
MAG_1458,chromosome,FirmicuteA,Clostridia,Oscillospirales,Oscillospiraceae,Unclassified,Unclassified
MAG_146,chromosome,FirmicuteA,Clostridia,Christensenellales,CAG-138,SFEL01,Unclassified
MAG_1460,chromosome,FirmicuteA,Clostridia,Oscillospirales,Oscillospiraceae,Faecousia,Unclassified
MAG_1461,chromosome,FirmicuteA,Clostridia,Oscillospirales,Oscillospiraceae,Dysosmobacter,Unclassified
MAG_1464,chromosome,FirmicuteA,Clostridia,Christensenellales,CAG-74,RUG563,Unclassified
MAG_1466,chromosome,FirmicuteA,Clostridia,Oscillospirales,Acutalibacteraceae,SIG565,Unclassified
MAG_147,chromosome,FirmicuteA,Clostridia,Oscillospirales,Oscillospiraceae,Avoscillospira,Unclassified
MAG_1473,chromosome,FirmicuteA,Clostridia,Oscillospirales,Acutalibacteraceae,CAG-488,CAG-488 sp017415025
MAG_148,chromosome,FirmicuteA,Clostridia,Oscillospirales,Acutalibacteraceae,RGIG4076,Unclassified
MAG_1485,chromosome,FirmicuteA,Clostridia,Oscillospirales,Ruminococcaceae,Ruminococcus,Ruminococcus sp015066935
MAG_149,chromosome,FirmicuteA,Clostridia,Oscillospirales,Oscillospiraceae,Faecousia,Faecousia sp015068135
MAG_1496,chromosome,FirmicuteA,Clostridia,Oscillospirales,CAG-382,RUG14179,RUG14179 sp017408325
MAG_1497,chromosome,FirmicuteA,Clostridia,Oscillospirales,CAG-382,RUG14179,RUG14179 sp017408325
MAG_15,chromosome,FirmicuteA,Clostridia,Christensenellales,CAG-74,Unclassified,Unclassified
MAG_1500,chromosome,FirmicuteA,Clostridia,Christensenellales,UBA1242,RGIG1681,Unclassified
MAG_1502,chromosome,FirmicuteA,Clostridia,Christensenellales,UBA1242,RGIG1681,Unclassified
MAG_1507,chromosome,FirmicuteB,Dehalobacteriia,UBA4068,UBA4068,RGIG3155,Unclassified
MAG_1515,chromosome,Spirochaetota,Spirochaetia,Treponematales,Treponemataceae,Treponema_F,Treponema_F sp017622135
MAG_1524,chromosome,FirmicuteA,Clostridia,Lachnospirales,Lachnospiraceae,Lachnoclostridium_B,Unclassified
MAG_1534,chromosome,Firmicutes,Bacilli,RF39,UBA660,CAG-433,Unclassified
MAG_1541,chromosome,FirmicuteA,Clostridia,Oscillospirales,UMGS1783,Unclassified,Unclassified
MAG_155,chromosome,FirmicuteA,Clostridia,Oscillospirales,Oscillospiraceae,Avoscillospira,Unclassified
MAG_1550,chromosome,Desulfobacterota_I,Desulfovibrionia,Desulfovibrionales,Desulfovibrionaceae,Mailhella,Unclassified
MAG_1551,chromosome,Bacteroidota,Bacteroidia,Bacteroidales,G3-4614,Caccoplasma,Unclassified
MAG_1569,chromosome,Firmicutes,Bacilli,RF39,UBA660,UBA3631,Unclassified
MAG_1570,chromosome,Firmicutes,Bacilli,RF39,UBA660,UBA3631,Unclassified
MAG_1571,chromosome,FirmicuteA,Clostridia,TANB77,CAG-508,Scatovivens,Unclassified
MAG_1583,chromosome,Bacteroidota,Bacteroidia,Bacteroidales,Rikenellaceae,Alistipes,Unclassified
MAG_1596,chromosome,FirmicuteA,Clostridia,Oscillospirales,Acutalibacteraceae,Unclassified,Unclassified
MAG_160,chromosome,FirmicuteA,Clostridia,Oscillospirales,Butyricicoccaceae,Unclassified,Unclassified
MAG_1603,chromosome,FirmicuteA,Clostridia,Oscillospirales,CAG-272,UMGS1865,Unclassified
MAG_1607,chromosome,FirmicuteA,Clostridia,Christensenellales,CAG-74,Limiplasma,Unclassified
MAG_161,chromosome,FirmicuteA,Clostridia,Lachnospirales,Anaerotignaceae,HGM11808,Unclassified
MAG_1614,chromosome,FirmicuteA,Clostridia,Oscillospirales,Oscillospiraceae,Faecousia,Unclassified
MAG_162,chromosome,FirmicuteA,Clostridia,Oscillospirales,CAG-272,CAG-272,Unclassified
MAG_1624,chromosome,Proteobacteria,Gammaproteobacteria,Burkholderiales,Burkholderiaceae,Oxalobacter,Oxalobacter sp018384065
MAG_1629,chromosome,FirmicuteA,Clostridia,Oscillospirales,CAG-272,SIG693,Unclassified
MAG_163,chromosome,FirmicuteA,Clostridia,Lachnospirales,Lachnospiraceae,Choladocola,Unclassified
MAG_1636,chromosome,FirmicuteA,Clostridia,Oscillospirales,Butyricicoccaceae,RGIG1902,Unclassified
MAG_1641,chromosome,FirmicuteA,Clostridia,Oscillospirales,Ruminococcaceae,SIG526,Unclassified
MAG_1642,chromosome,FirmicuteA,Clostridia,Oscillospirales,Ruminococcaceae,SIG526,Unclassified
MAG_1646,chromosome,FirmicuteA,Clostridia,Oscillospirales,Oscillospiraceae,NSJ-51,NSJ-51 sp900549795
MAG_1648,chromosome,FirmicuteA,Clostridia,Oscillospirales,CAG-272,RGIG2000,RGIG2000 sp017466455
MAG_1654,chromosome,FirmicuteA,Clostridia,Oscillospirales,Oscillospiraceae,CAG-170,Unclassified
MAG_166,chromosome,FirmicuteA,Clostridia,Christensenellales,UMGS416,Parachristensenella,Unclassified
MAG_167,chromosome,FirmicuteA,Clostridia,Oscillospirales,Oscillospiraceae,ER4,Unclassified
MAG_1674,chromosome,Verrucomicrobiota,Lentisphaeria,Victivallales,Victivallaceae,RGIG5270,Unclassified
MAG_1677,chromosome,Verrucomicrobiota,Lentisphaeria,Victivallales,UBA1829,SIG77,Unclassified
MAG_1679,chromosome,FirmicuteA,Clostridia,Christensenellales,CAG-74,RUG11247,Unclassified
MAG_168,chromosome,FirmicuteA,Clostridia,Christensenellales,Unclassified,Unclassified,Unclassified
MAG_1685,chromosome,FirmicuteA,Clostridia,Christensenellales,UBA1242,UBA5489,UBA5489 sp017408305
MAG_169,chromosome,FirmicuteA,Clostridia,Oscillospirales,Oscillospiraceae,Faecousia,Unclassified
MAG_1697,chromosome,Firmicutes,Bacilli,RF39,UBA660,CAG-1000,CAG-1000 sp900556025
MAG_1699,chromosome,FirmicuteA,Clostridia,Oscillospirales,CAG-382,SIG622,SIG622 sp015065225
MAG_17,chromosome,FirmicuteA,Clostridia,Oscillospirales,Oscillospiraceae,Faecousia,Unclassified
MAG_1704,chromosome,FirmicuteA,Clostridia,Oscillospirales,Oscillospiraceae,CAG-83,Unclassified
MAG_1707,chromosome,FirmicuteA,Clostridia,Oscillospirales,Oscillospiraceae,Limivicinus,Unclassified
MAG_1714,chromosome,FirmicuteA,Clostridia,UMGS1810,UMGS1810,RGIG1828,Unclassified
MAG_1718,chromosome,Planctomycetota,Planctomycetia,Pirellulales,Thermoguttaceae,RGIG3701,RGIG3701 sp017939795
MAG_1724,chromosome,FirmicuteA,Clostridia,Oscillospirales,Oscillospiraceae,Faecousia,Unclassified
MAG_1739,chromosome,Firmicutes,Bacilli,RFN20,CAG-826,RUG131,RUG131 sp900315885
MAG_174,chromosome,FirmicuteA,Clostridia,Oscillospirales,Oscillospiraceae,Pelethomonas,Unclassified
MAG_1741,chromosome,FirmicuteA,Clostridia,Oscillospirales,Acutalibacteraceae,RGIG3009,RGIG3009 sp017440005
MAG_175,chromosome,Bacteroidota,Bacteroidia,Bacteroidales,UBA932,Cryptobacteroides,Unclassified
MAG_1751,chromosome,FirmicuteB,Peptococcia,Peptococcales,Peptococcaceae,UBA7185,UBA7185 sp017547685
MAG_1755,chromosome,FirmicuteA,Clostridia,Oscillospirales,Oscillospiraceae,CAG-170,CAG-170 sp900553545
MAG_177,chromosome,FirmicuteA,Clostridia,Oscillospirales,Oscillospiraceae,CAG-83,CAG-83 sp015067765
MAG_1773,chromosome,FirmicuteA,Clostridia,TANB77,CAG-508,CAG-452,Unclassified
MAG_1777,chromosome,FirmicuteB,Dehalobacteriia,UBA7702,UBA7702,UBA7702,Unclassified
MAG_178,chromosome,FirmicuteA,Clostridia,Oscillospirales,Oscillospiraceae,Dysosmobacter,Unclassified
MAG_1785,chromosome,FirmicuteA,Clostridia,Oscillospirales,Ruminococcaceae,UMGS1668,UMGS1668 sp018110905
MAG_1789,chromosome,Verrucomicrobiota,Lentisphaeria,Victivallales,Victivallaceae,UMGS1518,Unclassified
MAG_179,chromosome,FirmicuteA,Clostridia,RUG12999,RUG12999,Unclassified,Unclassified
MAG_1792,chromosome,FirmicuteA,Clostridia,Oscillospirales,Oscillospiraceae,CAG-83,Unclassified
MAG_1795,chromosome,FirmicuteA,Clostridia,Oscillospirales,Oscillospiraceae,CAG-83,Unclassified
MAG_18,chromosome,FirmicuteA,Clostridia,Christensenellales,CAG-74,RUG11247,Unclassified
MAG_180,chromosome,FirmicuteA,Clostridia,Christensenellales,CAG-74,Ventricola,Unclassified
MAG_1801,chromosome,FirmicuteA,Clostridia,Christensenellales,Borkfalkiaceae,Scatosoma,Unclassified
MAG_1808,chromosome,FirmicuteB,Dehalobacteriia,UBA4068,UBA4068,RGIG3155,Unclassified
MAG_181,chromosome,Verrucomicrobiota,Kiritimatiellae,RFP12,UBA1067,UBA1067,Unclassified
MAG_1822,chromosome,FirmicuteA,Clostridia,Oscillospirales,Acutalibacteraceae,UBA1081,Unclassified
MAG_1823,chromosome,Bacteroidota,Bacteroidia,Bacteroidales,Rikenellaceae,Alistipes,Alistipes sp015060045
MAG_1824,chromosome,Bacteroidota,Bacteroidia,Bacteroidales,Rikenellaceae,Alistipes,Alistipes sp015060045
MAG_1826,chromosome,FirmicuteA,Clostridia,Oscillospirales,Oscillospiraceae,Dysosmobacter,Unclassified
MAG_183,chromosome,FirmicuteA,Clostridia,Christensenellales,CAG-74,RUG11247,Unclassified
MAG_1837,chromosome,FirmicuteA,Clostridia,Christensenellales,CAG-917,RGIG4097,RGIG4097 sp017461985
MAG_1838,chromosome,FirmicuteA,Clostridia,Christensenellales,CAG-917,RGIG4097,RGIG4097 sp017461985
MAG_1839,chromosome,FirmicuteA,Clostridia,Oscillospirales,Oscillospiraceae,CAG-83,Unclassified
MAG_184,chromosome,FirmicuteA,Clostridia,TANB77,CAG-508,CAG-452,Unclassified
MAG_1847,chromosome,Bacteroidota,Bacteroidia,Bacteroidales,Bacteroidaceae,HGM04593,HGM04593 sp017407905
MAG_1848,chromosome,Verrucomicrobiota,Lentisphaeria,Victivallales,UBA1829,SIG79,SIG79 sp017456805
MAG_185,chromosome,FirmicuteA,Clostridia,Oscillospirales,Oscillospiraceae,Pelethomonas,Pelethomonas sp900555795
MAG_1855,chromosome,FirmicuteA,Clostridia,Oscillospirales,CAG-272,SIG693,SIG693 sp017466495
MAG_186,chromosome,FirmicuteA,Clostridia,Oscillospirales,BX7,CAJFTX01,Unclassified
MAG_188,chromosome,FirmicuteA,Clostridia,Oscillospirales,CAG-272,SIG640,SIG640 sp015064885
MAG_189,chromosome,FirmicuteA,Clostridia,Christensenellales,UBA1242,UMGS687,UMGS687 sp900545735
MAG_19,chromosome,FirmicuteA,Clostridia,Oscillospirales,CAG-272,RUG11130,RUG11130 sp017481265
MAG_20,chromosome,FirmicuteA,Clostridia,Oscillospirales,Oscillospiraceae,Faecousia,Unclassified
MAG_200,chromosome,FirmicuteA,Clostridia,Christensenellales,CAG-74,Aphodomonas,Unclassified
MAG_202,chromosome,Desulfobacterota_I,Desulfovibrionia,Desulfovibrionales,Desulfovibrionaceae,Mailhella,Unclassified
MAG_204,chromosome,FirmicuteA,Clostridia,Lachnospirales,Lachnospiraceae,RuminococcuG,Unclassified
MAG_205,chromosome,FirmicuteA,Clostridia,Oscillospirales,CAG-272,SIG701,Unclassified
MAG_206,chromosome,FirmicuteA,Clostridia,Oscillospirales,Ruminococcaceae,Unclassified,Unclassified
MAG_207,chromosome,FirmicuteA,Clostridia,Lachnospirales,Lachnospiraceae,Choladousia,Unclassified
MAG_210,chromosome,FirmicuteA,Clostridia,Oscillospirales,Oscillospiraceae,RUG11142,Unclassified
MAG_211,chromosome,FirmicuteA,Clostridia,Lachnospirales,Lachnospiraceae,RGIG8767,RGIG8767 sp017621115
MAG_212,chromosome,FirmicuteA,Clostridia,Oscillospirales,Oscillospiraceae,Faecousia,Unclassified
MAG_213,chromosome,FirmicuteA,Clostridia,Oscillospirales,Oscillospiraceae,Faecousia,Unclassified
MAG_214,chromosome,FirmicuteA,Clostridia,Lachnospirales,Lachnospiraceae,UBA2882,UBA2882 sp017626095
MAG_215,chromosome,FirmicuteA,Clostridia,Oscillospirales,Ruminococcaceae,SFJ001,Unclassified
MAG_218,chromosome,FirmicuteA,Clostridia,Christensenellales,Christensenellaceae,Unclassified,Unclassified
MAG_219,chromosome,FirmicuteA,Clostridia,Christensenellales,Borkfalkiaceae,UBA1259,Unclassified
MAG_221,chromosome,FirmicuteA,Clostridia,Lachnospirales,Lachnospiraceae,SZUA-448,Unclassified
MAG_222,chromosome,FirmicuteA,Clostridia,Oscillospirales,Acutalibacteraceae,UBA737,Unclassified
MAG_223,chromosome,FirmicuteA,Clostridia,Oscillospirales,Oscillospiraceae,Avoscillospira,Unclassified
MAG_225,chromosome,Bacteroidota,Bacteroidia,Bacteroidales,UBA932,Cryptobacteroides,Cryptobacteroides sp000434935
MAG_226,chromosome,FirmicuteA,Clostridia,Lachnospirales,Lachnospiraceae,Acetatifactor,Acetatifactor sp015057005
MAG_228,chromosome,Planctomycetota,Planctomycetia,Pirellulales,Thermoguttaceae,RGIG3701,RGIG3701 sp017939795
MAG_23,chromosome,FirmicuteA,Clostridia,Oscillospirales,Oscillospiraceae,Faecousia,Unclassified
MAG_232,chromosome,FirmicuteA,Clostridia,Oscillospirales,Acutalibacteraceae,UBA737,Unclassified
MAG_233,chromosome,FirmicuteA,Clostridia,Peptostreptococcales,Anaerovoracaceae,RGIG1899,Unclassified
MAG_238,chromosome,FirmicuteA,Clostridia,Oscillospirales,Ruminococcaceae,RGIG4131,RGIG4131 sp017536405
MAG_244,chromosome,FirmicuteA,Clostridia,Oscillospirales,Oscillospiraceae,Avoscillospira,Unclassified
MAG_245,chromosome,FirmicuteA,Clostridia,Oscillospirales,Acutalibacteraceae,UBA737,UBA737 sp015066445
MAG_246,chromosome,FirmicuteA,Clostridia,Peptostreptococcales,Anaerovoracaceae,Copromorpha,Unclassified
MAG_248,chromosome,FirmicuteA,Clostridia,Oscillospirales,RGIG8002,RGIG8002,Unclassified
MAG_25,chromosome,FirmicuteA,Clostridia,Oscillospirales,CAG-272,RUG11130,Unclassified
MAG_250,chromosome,FirmicuteA,Clostridia,Lachnospirales,Lachnospiraceae,Acetatifactor,Unclassified
MAG_252,chromosome,FirmicuteC,Negativicutes,Acidaminococcales,Acidaminococcaceae,Acidaminococcus,Acidaminococcus fermentans
MAG_253,chromosome,FirmicuteA,Clostridia,Oscillospirales,Oscillospiraceae,CAG-170,CAG-170 sp003516765
MAG_254,chromosome,FirmicuteA,Clostridia,Oscillospirales,CAG-382,SIG685,SIG685 sp015063985
MAG_257,chromosome,FirmicuteA,Clostridia,Oscillospirales,QAMX01,RUG11797,RUG11797 sp015068345
MAG_258,chromosome,FirmicuteA,Clostridia,Oscillospirales,Oscillospiraceae,Faecousia,Unclassified
MAG_259,chromosome,Bacteroidota,Bacteroidia,Bacteroidales,Rikenellaceae,Alistipes,Alistipes sp017398695
MAG_26,chromosome,FirmicuteA,Clostridia,Christensenellales,CAG-74,Faecivicinus,Unclassified
MAG_260,chromosome,FirmicuteA,Clostridia,Oscillospirales,Oscillospiraceae,Faecousia,Unclassified
MAG_261,chromosome,FirmicuteA,Clostridia,Oscillospirales,Oscillospiraceae,Faecousia,Unclassified
MAG_262,chromosome,FirmicuteA,Clostridia,Oscillospirales,Oscillospiraceae,Avoscillospira,Unclassified
MAG_263,chromosome,FirmicuteA,Clostridia,Oscillospirales,CAG-272,RUG11130,Unclassified
MAG_264,chromosome,Firmicutes,Bacilli,RF39,UBA660,UMGS1613,Unclassified
MAG_267,chromosome,Bacteroidota,Bacteroidia,Bacteroidales,Muribaculaceae,CAG-873,CAG-873 sp900550395
MAG_27,chromosome,FirmicuteA,Clostridia,Oscillospirales,Ruminococcaceae,UBA3818,UBA3818 sp002369315
MAG_270,chromosome,FirmicuteA,Clostridia,TANB77,CAG-508,Unclassified,Unclassified
MAG_275,chromosome,FirmicuteA,Clostridia,Oscillospirales,Oscillospiraceae,Pelethomonas,Unclassified
MAG_28,chromosome,FirmicuteA,Clostridia,Oscillospirales,Ruminococcaceae,Unclassified,Unclassified
MAG_285,chromosome,Firmicutes,Bacilli,Acholeplasmatales,Anaeroplasmataceae,Unclassified,Unclassified
MAG_288,chromosome,FirmicuteA,Clostridia,Oscillospirales,Acutalibacteraceae,RUG806,Unclassified
MAG_290,chromosome,FirmicuteA,Clostridia,Christensenellales,CAG-74,Limiplasma,Unclassified
MAG_294,chromosome,FirmicuteA,Clostridia,Christensenellales,CAG-74,Unclassified,Unclassified
MAG_295,chromosome,FirmicuteA,Clostridia,Oscillospirales,Acutalibacteraceae,RGIG4076,Unclassified
MAG_296,chromosome,FirmicuteA,Clostridia,TANB77,CAG-508,CAG-269,Unclassified
MAG_297,chromosome,FirmicuteA,Clostridia,Christensenellales,CAG-74,UBA1224,Unclassified
MAG_298,chromosome,FirmicuteA,Clostridia,Lachnospirales,Lachnospiraceae,Faecalimonas,Unclassified
MAG_299,chromosome,FirmicuteA,Clostridia,Christensenellales,UBA1242,UBA11490,Unclassified
MAG_30,chromosome,FirmicuteA,Clostridia,Lachnospirales,Lachnospiraceae,Bariatricus,Unclassified
MAG_300,chromosome,Bacteroidota,Bacteroidia,Bacteroidales,Rikenellaceae,DSM-108975,DSM-108975 sp014982715
MAG_302,chromosome,Verrucomicrobiota,Verrucomicrobiae,Verrucomicrobiales,Akkermansiaceae,Akkermansia,Akkermansia sp015062005
MAG_303,chromosome,FirmicuteA,Clostridia,TANB77,CAG-508,Scatovivens,Unclassified
MAG_304,chromosome,FirmicuteA,Clostridia,Christensenellales,CAG-74,Unclassified,Unclassified
MAG_31,chromosome,FirmicuteA,Clostridia,Christensenellales,Christensenellaceae,NSJ-63,NSJ-63 sp014384805
MAG_310,chromosome,Bacteroidota,Bacteroidia,Bacteroidales,Bacteroidaceae,Phocaeicola,Unclassified
MAG_313,chromosome,FirmicuteA,Clostridia,Oscillospirales,Acutalibacteraceae,UMGS1491,Unclassified
MAG_316,chromosome,FirmicuteA,Clostridia,Oscillospirales,Oscillospiraceae,Faecousia,Unclassified
MAG_319,chromosome,FirmicuteA,Clostridia,Oscillospirales,Oscillospiraceae,Faecousia,Unclassified
MAG_32,chromosome,FirmicuteA,Clostridia,Oscillospirales,Oscillospiraceae,Faecousia,Unclassified
MAG_321,chromosome,FirmicuteA,Clostridia,Christensenellales,CAG-74,Limiplasma,Unclassified
MAG_329,chromosome,FirmicuteA,Clostridia,Lachnospirales,Anaerotignaceae,SIG274,Unclassified
MAG_33,chromosome,FirmicuteA,Clostridia,Christensenellales,CAG-138,Unclassified,Unclassified
MAG_330,chromosome,FirmicuteA,Clostridia,Oscillospirales,Oscillospiraceae,Unclassified,Unclassified
MAG_331,chromosome,Bacteroidota,Bacteroidia,Bacteroidales,UBA932,Cryptobacteroides,Cryptobacteroides sp015060395
MAG_332,chromosome,FirmicuteA,Clostridia,Christensenellales,Unclassified,Unclassified,Unclassified
MAG_334,chromosome,FirmicuteA,Clostridia,Oscillospirales,Butyricicoccaceae,UBA4644,Unclassified
MAG_336,chromosome,FirmicuteA,Clostridia,Oscillospirales,Oscillospiraceae,Faecousia,Unclassified
MAG_337,chromosome,FirmicuteA,Clostridia,UBA1381,UBA1381,Unclassified,Unclassified
MAG_338,chromosome,FirmicuteA,Clostridia,Oscillospirales,Oscillospiraceae,Heteroscilispira,Unclassified
MAG_339,chromosome,FirmicuteA,Clostridia,Oscillospirales,Acutalibacteraceae,SIG603,SIG603 sp017935165
MAG_340,chromosome,FirmicuteA,Clostridia,Oscillospirales,Oscillospiraceae,Faecousia,Unclassified
MAG_341,chromosome,FirmicuteA,Clostridia,Christensenellales,Christensenellaceae,Unclassified,Unclassified
MAG_342,chromosome,FirmicuteA,Clostridia,Oscillospirales,Ruminococcaceae,Pygmaiobacter,Unclassified
MAG_343,chromosome,FirmicuteA,Clostridia,Oscillospirales,Oscillospiraceae,Faecousia,Unclassified
MAG_350,chromosome,Proteobacteria,Alphaproteobacteria,RF32,UBA3637,RGIG4140,RGIG4140 sp017467335
MAG_351,chromosome,Spirochaetota,Spirochaetia,Treponematales,Treponemataceae,Treponema_D,Treponema_D berlinense
MAG_357,chromosome,FirmicuteA,Clostridia,Oscillospirales,QAMX01,RUG11797,RUG11797 sp015068345
MAG_36,chromosome,FirmicuteA,Clostridia,Oscillospirales,Oscillospiraceae,Lawsonibacter,Unclassified
MAG_369,chromosome,Firmicutes,Bacilli,Erysipelotrichales,Erysipelotrichaceae,Longicatena,Unclassified
MAG_371,chromosome,FirmicuteA,Clostridia,Oscillospirales,CAG-272,UBA1740,Unclassified
MAG_38,chromosome,FirmicuteA,Clostridia,Oscillospirales,Oscillospiraceae,Faecousia,Unclassified
MAG_382,chromosome,FirmicuteB,Dehalobacteriia,UBA4068,Unclassified,Unclassified,Unclassified
MAG_383,chromosome,FirmicuteA,Clostridia,Oscillospirales,Oscillospiraceae,RGIG1893,RGIG1893 sp017397075
MAG_384,chromosome,FirmicuteA,Clostridia,UBA1381,UBA1381,UBA4716,Unclassified
MAG_385,chromosome,FirmicuteA,Clostridia,Oscillospirales,Oscillospiraceae,Enterenecus,Unclassified
MAG_386,chromosome,Bacteroidota,Bacteroidia,Bacteroidales,Bacteroidaceae,Bacteroides,Bacteroides uniformis
MAG_387,chromosome,FirmicuteA,Clostridia,Oscillospirales,CAG-382,SIG685,Unclassified
MAG_389,chromosome,FirmicuteA,Clostridia,Oscillospirales,Acutalibacteraceae,UBA1081,Unclassified
MAG_391,chromosome,Firmicutes,Bacilli,RF39,UBA660,Aphodocola,Unclassified
MAG_392,chromosome,FirmicuteA,Clostridia,Oscillospirales,Oscillospiraceae,Lawsonibacter,Unclassified
MAG_393,chromosome,FirmicuteA,Clostridia,Oscillospirales,Ruminococcaceae,Unclassified,Unclassified
MAG_395,chromosome,FirmicuteA,Clostridia,Oscillospirales,Acutalibacteraceae,DTU089,Unclassified
MAG_397,chromosome,FirmicuteA,Clostridia,Lachnospirales,Lachnospiraceae,Unclassified,Unclassified
MAG_398,chromosome,FirmicuteA,Clostridia,Oscillospirales,Oscillospiraceae,Avoscillospira,Unclassified
MAG_399,chromosome,FirmicuteA,Clostridia,Lachnospirales,Lachnospiraceae,SIG332,Unclassified
MAG_4,chromosome,FirmicuteA,Clostridia,Oscillospirales,Acutalibacteraceae,Unclassified,Unclassified
MAG_40,chromosome,FirmicuteA,Clostridia,Oscillospirales,Oscillospiraceae,Faecousia,Unclassified
MAG_403,chromosome,Firmicutes,Bacilli,RFN20,CAG-449,Unclassified,Unclassified
MAG_41,chromosome,FirmicuteA,Clostridia,Eubacteriales,Anaerofustaceae,Unclassified,Unclassified
MAG_414,chromosome,FirmicuteA,Clostridia,Christensenellales,UBA1242,Unclassified,Unclassified
MAG_418,chromosome,FirmicuteA,Clostridia,Oscillospirales,CAG-272,UMGS1696,Unclassified
MAG_42,chromosome,FirmicuteA,Clostridia,Oscillospirales,Acutalibacteraceae,UMGS1264,Unclassified
MAG_421,chromosome,Bacteroidota,Bacteroidia,Bacteroidales,Bacteroidaceae,Phocaeicola,Unclassified
MAG_426,chromosome,FirmicuteA,Clostridia,Christensenellales,Borkfalkiaceae,Scatosoma,Scatosoma sp017467265
MAG_432,chromosome,FirmicuteA,Clostridia,Oscillospirales,Oscillospiraceae,UBA738,Unclassified
MAG_436,chromosome,FirmicuteA,Clostridia,Christensenellales,CAG-74,Unclassified,Unclassified
MAG_44,chromosome,FirmicuteA,Clostridia,Lachnospirales,Lachnospiraceae,Blautia_A,Unclassified
MAG_443,chromosome,FirmicuteA,Clostridia,Oscillospirales,Ruminococcaceae,Heteroruminococcus,Heteroruminococcus sp017847995
MAG_447,chromosome,FirmicuteA,Clostridia,Oscillospirales,CAG-272,UMGS1696,Unclassified
MAG_45,chromosome,FirmicuteA,Clostridia,Oscillospirales,Oscillospiraceae,Unclassified,Unclassified
MAG_450,chromosome,FirmicuteA,Clostridia,Christensenellales,CAG-74,RGIG2066,Unclassified
MAG_452,chromosome,FirmicuteA,Clostridia,Oscillospirales,Oscillospiraceae,Faecousia,Unclassified
MAG_454,chromosome,FirmicuteA,Clostridia,Oscillospirales,Oscillospiraceae,Avoscillospira,Unclassified
MAG_456,chromosome,FirmicuteA,Clostridia,Oscillospirales,Acutalibacteraceae,UMGS1491,UMGS1491 sp017432165
MAG_459,chromosome,Firmicutes,Bacilli,RF39,UBA660,Unclassified,Unclassified
MAG_46,chromosome,FirmicuteA,Clostridia,Oscillospirales,Oscillospiraceae,Lawsonibacter,Lawsonibacter sp905215425
MAG_460,chromosome,FirmicuteA,Clostridia,Peptostreptococcales,Anaerovoracaceae,RGIG7179,RGIG7179 sp016302925
MAG_462,chromosome,Firmicutes,Bacilli,Erysipelotrichales,Erysipelotrichaceae,Traorella,Unclassified
MAG_473,chromosome,Bacteroidota,Bacteroidia,Bacteroidales,Muribaculaceae,RGIG4576,Unclassified
MAG_477,chromosome,FirmicuteA,Clostridia,Oscillospirales,Acutalibacteraceae,UBA5905,Unclassified
MAG_479,chromosome,Bacteroidota,Bacteroidia,Bacteroidales,Bacteroidaceae,Phocaeicola,Phocaeicola sp015060705
MAG_482,chromosome,FirmicuteA,Clostridia,Oscillospirales,Oscillospiraceae,Unclassified,Unclassified
MAG_483,chromosome,FirmicuteA,Clostridia,Oscillospirales,Oscillospiraceae,CAG-170,CAG-170 sp002404795
MAG_49,chromosome,FirmicuteA,Clostridia,Oscillospirales,Oscillospiraceae,CAG-83,Unclassified
MAG_490,chromosome,FirmicuteA,Clostridia,Christensenellales,CAG-74,Limiplasma,Unclassified
MAG_492,chromosome,FirmicuteA,Clostridia,Oscillospirales,Oscillospiraceae,RUG626,Unclassified
MAG_5,chromosome,FirmicuteA,Clostridia,Christensenellales,CAG-74,RUG11247,Unclassified
MAG_50,chromosome,Bacteroidota,Bacteroidia,Bacteroidales,Muribaculaceae,UBA7173,UBA7173 sp900545955
MAG_502,chromosome,Bacteroidota,Bacteroidia,Bacteroidales,Bacteroidaceae,Phocaeicola,Unclassified
MAG_51,chromosome,FirmicuteA,Clostridia,Oscillospirales,Acutalibacteraceae,SIG598,SIG598 sp015065975
MAG_511,chromosome,FirmicuteA,Clostridia,Oscillospirales,CAG-382,UMGS1307,UMGS1307 sp017436675
MAG_514,chromosome,Bacteroidota,Bacteroidia,Bacteroidales,Bacteroidaceae,HGM04593,HGM04593 sp017442185
MAG_52,chromosome,FirmicuteA,Clostridia,Oscillospirales,Oscillospiraceae,RGIG6097,Unclassified
MAG_520,chromosome,FirmicuteA,Clostridia,Lachnospirales,Lachnospiraceae,Bariatricus,Unclassified
MAG_521,chromosome,FirmicuteA,Clostridia,Oscillospirales,Oscillospiraceae,Faecousia,Unclassified
MAG_523,chromosome,FirmicuteA,Clostridia,Christensenellales,CAG-74,RUG11247,Unclassified
MAG_524,chromosome,FirmicuteA,Clostridia,Lachnospirales,Lachnospiraceae,Unclassified,Unclassified
MAG_527,chromosome,FirmicuteA,Clostridia,Oscillospirales,Oscillospiraceae,Faecousia,Unclassified
MAG_528,chromosome,FirmicuteA,Clostridia,Oscillospirales,Oscillospiraceae,Faecousia,Unclassified
MAG_529,chromosome,FirmicuteA,Clostridia,Oscillospirales,Oscillospiraceae,Faecousia,Unclassified
MAG_530,chromosome,FirmicuteA,Clostridia,Oscillospirales,Oscillospiraceae,Avoscillospira,Unclassified
MAG_531,chromosome,Desulfobacterota_I,Desulfovibrionia,Desulfovibrionales,Desulfovibrionaceae,Mailhella,Unclassified
MAG_532,chromosome,FirmicuteA,Clostridia,Lachnospirales,Lachnospiraceae,Eubacterium_Q,Eubacterium_Q sp017634555
MAG_537,chromosome,FirmicuteA,Clostridia,Oscillospirales,Oscillospiraceae,Faecousia,Unclassified
MAG_538,chromosome,FirmicuteA,Clostridia,Oscillospirales,Oscillospiraceae,CAG-83,CAG-83 sp003487665
MAG_539,chromosome,FirmicuteA,Clostridia,Christensenellales,CAG-74,Limiplasma,Unclassified
MAG_54,chromosome,FirmicuteA,Clostridia,UBA1381,UBA1381,RGIG1988,Unclassified
MAG_540,chromosome,FirmicuteA,Clostridia,Oscillospirales,Oscillospiraceae,Faecousia,Unclassified
MAG_541,chromosome,FirmicuteA,Clostridia,Lachnospirales,Lachnospiraceae,JAGTTR01,Unclassified
MAG_542,chromosome,FirmicuteA,Clostridia,Christensenellales,CAG-74,Onthenecus,Onthenecus sp900199405
MAG_543,chromosome,Desulfobacterota_I,Desulfovibrionia,Desulfovibrionales,Desulfovibrionaceae,Mailhella,Unclassified
MAG_544,chromosome,FirmicuteA,Clostridia,Oscillospirales,Oscillospiraceae,Faecousia,Unclassified
MAG_55,chromosome,FirmicuteA,Clostridia,Oscillospirales,Ruminococcaceae,Unclassified,Unclassified
MAG_551,chromosome,FirmicuteA,Clostridia,Christensenellales,DTU072,CAG-1782,Unclassified
MAG_553,chromosome,FirmicuteA,Clostridia,Christensenellales,CAG-552,UBA10677,Unclassified
MAG_556,chromosome,FirmicuteA,Clostridia,Oscillospirales,Oscillospiraceae,RGIG6375,Unclassified
MAG_557,chromosome,FirmicuteA,Clostridia,Oscillospirales,Oscillospiraceae,CAG-83,Unclassified
MAG_559,chromosome,FirmicuteA,Clostridia,Oscillospirales,Oscillospiraceae,CAG-83,Unclassified
MAG_560,chromosome,FirmicuteA,Clostridia,Oscillospirales,Acutalibacteraceae,SIG588,SIG588 sp015065885
MAG_562,chromosome,Firmicutes,Bacilli,ML615J-28,CAG-698,Unclassified,Unclassified
MAG_566,chromosome,FirmicuteA,Clostridia,UBA1381,UBA1381,RGIG9115,Unclassified
MAG_568,chromosome,FirmicuteA,Clostridia,Oscillospirales,Ruminococcaceae,Faecivivens,Unclassified
MAG_57,chromosome,FirmicuteA,Clostridia,Oscillospirales,Ruminococcaceae,Angelakisella,Unclassified
MAG_578,chromosome,FirmicuteA,Clostridia,Lachnospirales,Anaerotignaceae,Anaerotignum,Unclassified
MAG_58,chromosome,FirmicuteA,Clostridia,Oscillospirales,Ruminococcaceae,Fournierella,Fournierella excrementavium
MAG_589,chromosome,FirmicuteA,Clostridia,HGM11514,HGM11514,SIG438,Unclassified
MAG_593,chromosome,FirmicuteA,Clostridia,Christensenellales,UBA1242,UBA5489,Unclassified
MAG_595,chromosome,FirmicuteA,Clostridia,Christensenellales,UBA1242,HGM11367,Unclassified
MAG_597,chromosome,FirmicuteA,Clostridia,Lachnospirales,Lachnospiraceae,Bariatricus,Unclassified
MAG_599,chromosome,FirmicuteA,Clostridia,Oscillospirales,Oscillospiraceae,Limivicinus,Unclassified
MAG_6,chromosome,FirmicuteA,Clostridia,Oscillospirales,Oscillospiraceae,Faecousia,Unclassified
MAG_60,chromosome,FirmicuteA,Clostridia,Oscillospirales,Ruminococcaceae,Unclassified,Unclassified
MAG_600,chromosome,FirmicuteA,Clostridia,Christensenellales,CAG-74,Limiplasma,Unclassified
MAG_603,chromosome,FirmicuteA,Clostridia,Christensenellales,Borkfalkiaceae,UBA1259,Unclassified
MAG_604,chromosome,Proteobacteria,Alphaproteobacteria,RF32,CAG-977,UBA11549,UBA11549 sp900550445
MAG_608,chromosome,FirmicuteA,Clostridia,Oscillospirales,Oscillospiraceae,Faecousia,Unclassified
MAG_613,chromosome,FirmicuteA,Clostridia,UBA1381,UMGS1253,Unclassified,Unclassified
MAG_615,chromosome,Verrucomicrobiota,Lentisphaeria,Victivallales,UBA1829,UBA11452,UBA11452 sp003526375
MAG_616,chromosome,FirmicuteA,Clostridia,Oscillospirales,CAG-382,UBA1206,UBA1206 sp000433115
MAG_618,chromosome,Elusimicrobiota,Elusimicrobia,Elusimicrobiales,Elusimicrobiaceae,UBA1436,Unclassified
MAG_62,chromosome,FirmicuteA,Clostridia,Lachnospirales,Lachnospiraceae,Faecalimonas,Unclassified
MAG_622,chromosome,FirmicuteA,Clostridia,Christensenellales,CAG-74,SFTH01,Unclassified
MAG_624,chromosome,FirmicuteA,Clostridia,Oscillospirales,CAG-382,RUG14179,RUG14179 sp017408325
MAG_626,chromosome,FirmicuteA,Clostridia,Oscillospirales,Oscillospiraceae,CAG-83,Unclassified
MAG_627,chromosome,FirmicuteA,Clostridia,Oscillospirales,Oscillospiraceae,Pelethomonas,Unclassified
MAG_628,chromosome,FirmicuteA,Clostridia,Oscillospirales,Oscillospiraceae,Faecousia,Unclassified
MAG_629,chromosome,FirmicuteA,Clostridia,Oscillospirales,Oscillospiraceae,Faecousia,Unclassified
MAG_63,chromosome,FirmicuteA,Clostridia,Oscillospirales,Oscillospiraceae,Intestinimonas,Intestinimonas butyriciproducens
MAG_635,chromosome,FirmicuteA,Clostridia,Christensenellales,CAG-74,RUG11247,Unclassified
MAG_636,chromosome,FirmicuteA,Clostridia,Christensenellales,CAG-74,UBA11524,Unclassified
MAG_638,chromosome,FirmicuteA,Clostridia,Lachnospirales,Lachnospiraceae,Faecalimonas,Unclassified
MAG_639,chromosome,Verrucomicrobiota,Kiritimatiellae,RFP12,UBA1067,UBA1731,Unclassified
MAG_642,chromosome,Verrucomicrobiota,Lentisphaeria,Victivallales,Victivallaceae,Victivallis,Victivallis lenta
MAG_65,chromosome,FirmicuteA,Clostridia,Oscillospirales,Oscillospiraceae,Faecousia,Unclassified
MAG_653,chromosome,FirmicuteA,Clostridia,Christensenellales,CAG-74,Unclassified,Unclassified
MAG_654,chromosome,Verrucomicrobiota,Lentisphaeria,Victivallales,UBA1829,SIG77,Unclassified
MAG_66,chromosome,FirmicuteA,Clostridia,Peptostreptococcales,Anaerovoracaceae,Fimisoma,Fimisoma sp002320005
MAG_663,chromosome,FirmicuteA,Clostridia,Oscillospirales,Acutalibacteraceae,UBA737,Unclassified
MAG_67,chromosome,FirmicuteA,Clostridia,Christensenellales,CAG-74,Ventricola,Unclassified
MAG_678,chromosome,FirmicuteA,Clostridia,Christensenellales,Borkfalkiaceae,Scatosoma,Unclassified
MAG_68,chromosome,FirmicuteA,Clostridia,Christensenellales,CAG-74,Limiplasma,Unclassified
MAG_69,chromosome,FirmicuteA,Clostridia,Oscillospirales,Ruminococcaceae,Angelakisella,Unclassified
MAG_693,chromosome,FirmicuteA,Clostridia,Christensenellales,Borkfalkiaceae,Scatosoma,Unclassified
MAG_699,chromosome,FirmicuteA,Clostridia,Oscillospirales,Oscillospiraceae,CAG-83,Unclassified
MAG_7,chromosome,FirmicuteA,Clostridia,Oscillospirales,Oscillospiraceae,Lawsonibacter,Unclassified
MAG_70,chromosome,FirmicuteA,Clostridia,Christensenellales,Christensenellaceae,NSJ-63,Unclassified
MAG_709,chromosome,FirmicuteA,Clostridia,Oscillospirales,CAG-272,RGIG1995,Unclassified
MAG_71,chromosome,FirmicuteA,Clostridia,Oscillospirales,Oscillospiraceae,SIG483,Unclassified
MAG_714,chromosome,FirmicuteA,Clostridia,Lachnospirales,Lachnospiraceae,Faecalimonas,Unclassified
MAG_72,chromosome,FirmicuteA,Clostridia,Oscillospirales,Oscillospiraceae,Limivicinus,Limivicinus sp003150355
MAG_722,chromosome,FirmicuteA,Clostridia,Christensenellales,CAG-74,SFTH01,Unclassified
MAG_726,chromosome,FirmicuteA,Clostridia,Oscillospirales,Oscillospiraceae,Lawsonibacter,Unclassified
MAG_727,chromosome,FirmicuteA,Clostridia,Oscillospirales,Oscillospiraceae,Faecousia,Unclassified
MAG_728,chromosome,FirmicuteA,Clostridia,Oscillospirales,CAG-272,SIG644,SIG644 sp017452545
MAG_729,chromosome,FirmicuteA,Clostridia,Lachnospirales,Lachnospiraceae,Acetatifactor,Unclassified
MAG_73,chromosome,FirmicuteA,Clostridia,Oscillospirales,Oscillospiraceae,Lawsonibacter,Unclassified
MAG_730,chromosome,FirmicuteA,Clostridia,Oscillospirales,Oscillospiraceae,Faecousia,Unclassified
MAG_735,chromosome,FirmicuteA,Clostridia,Lachnospirales,Lachnospiraceae,Faecalimonas,Unclassified
MAG_737,chromosome,FirmicuteA,Clostridia,Oscillospirales,Oscillospiraceae,Dysosmobacter,Unclassified
MAG_74,chromosome,Firmicutes,Bacilli,Erysipelotrichales,Erysipelotrichaceae,Holdemania,Holdemania sp900120005
MAG_742,chromosome,Spirochaetota,GWE2-31-10,GWE2-31-10,GWE2-31-10,RGIG8597,RGIG8597 sp017624275
MAG_743,chromosome,FirmicuteA,Clostridia,Oscillospirales,Oscillospiraceae,Pelethomonas,Unclassified
MAG_744,chromosome,Firmicutes,Bacilli,Acholeplasmatales,Anaeroplasmataceae,Pelethenecus,Unclassified
MAG_747,chromosome,FirmicuteA,Clostridia,UMGS1883,UMGS1540,SIG447,Unclassified
MAG_748,chromosome,FirmicuteA,Clostridia,Christensenellales,CAG-74,RGIG4709,Unclassified
MAG_75,chromosome,Bacteroidota,Bacteroidia,Bacteroidales,Muribaculaceae,CAG-485,CAG-485 sp000437495
MAG_752,chromosome,FirmicuteA,Clostridia,Oscillospirales,Oscillospiraceae,CAG-170,CAG-170 sp004555655
MAG_753,chromosome,FirmicuteA,Clostridia,Oscillospirales,Oscillospiraceae,Faecousia,Unclassified
MAG_754,chromosome,FirmicuteA,Clostridia,Christensenellales,CAG-74,RGIG4709,Unclassified
MAG_756,chromosome,FirmicuteA,Clostridia,Christensenellales,CAG-74,Ventricola,Unclassified
MAG_758,chromosome,FirmicuteA,Clostridia,HGM11327,HGM11327,SIG351,SIG351 sp017935525
MAG_76,chromosome,FirmicuteA,Clostridia,Oscillospirales,CAG-272,CAG-272,CAG-272 sp900556615
MAG_761,chromosome,FirmicuteA,Clostridia,Oscillospirales,Oscillospiraceae,Faecousia,Unclassified
MAG_763,chromosome,FirmicuteA,Clostridia,TANB77,CAG-508,Unclassified,Unclassified
MAG_765,chromosome,FirmicuteA,Clostridia,Oscillospirales,Oscillospiraceae,Faecousia,Unclassified
MAG_766,chromosome,FirmicuteA,Clostridia,Oscillospirales,CAG-272,CAG-448,Unclassified
MAG_767,chromosome,Verrucomicrobiota,Lentisphaeria,Victivallales,Victivallaceae,Victivallis,Victivallis vadensis
MAG_768,chromosome,FirmicuteA,Clostridia,Oscillospirales,Acutalibacteraceae,CAG-488,CAG-488 sp017935265
MAG_77,chromosome,Verrucomicrobiota,Verrucomicrobiae,Verrucomicrobiales,Akkermansiaceae,Akkermansia,Akkermansia sp017471985
MAG_770,chromosome,FirmicuteA,Clostridia,Oscillospirales,Ruminococcaceae,RGIG5675,Unclassified
MAG_771,chromosome,FirmicuteA,Clostridia,Oscillospirales,Ruminococcaceae,Fournierella,Unclassified
MAG_772,chromosome,FirmicuteA,Clostridia,Oscillospirales,Oscillospiraceae,Faecousia,Unclassified
MAG_774,chromosome,FirmicuteA,Clostridia,Oscillospirales,Oscillospiraceae,Faecousia,Unclassified
MAG_775,chromosome,FirmicuteA,Clostridia,Oscillospirales,Acutalibacteraceae,SIG598,SIG598 sp017936365
MAG_776,chromosome,FirmicuteA,Clostridia,Christensenellales,CAG-314,Fimimonas,Fimimonas sp017409765
MAG_777,chromosome,FirmicuteA,Clostridia,Oscillospirales,Ruminococcaceae,UMGS1668,UMGS1668 sp017847875
MAG_779,chromosome,Firmicutes,Bacilli,RF39,UBA660,UBA6448,UBA6448 sp000437315
MAG_780,chromosome,Bacteroidota,Bacteroidia,Bacteroidales,UBA932,Cryptobacteroides,Unclassified
MAG_781,chromosome,FirmicuteA,Clostridia,Oscillospirales,Acutalibacteraceae,RGIG3013,Unclassified
MAG_79,chromosome,FirmicuteA,Clostridia,Oscillospirales,RGIG577,Unclassified,Unclassified
MAG_790,chromosome,FirmicuteA,Clostridia,Oscillospirales,Acutalibacteraceae,RuminococcuE,Unclassified
MAG_791,chromosome,FirmicuteA,Clostridia,Monoglobales,Firm-18,UBA1775,Unclassified
MAG_794,chromosome,FirmicuteA,Clostridia,Christensenellales,Borkfalkiaceae,Scatosoma,Unclassified
MAG_795,chromosome,FirmicuteA,Clostridia,Oscillospirales,Ruminococcaceae,UMGS1668,UMGS1668 sp015067125
MAG_8,chromosome,FirmicuteA,Clostridia,Oscillospirales,CAG-272,Unclassified,Unclassified
MAG_805,chromosome,Bacteroidota,Bacteroidia,Bacteroidales,Bacteroidaceae,Phocaeicola,Unclassified
MAG_811,chromosome,FirmicuteA,Clostridia,Oscillospirales,Acutalibacteraceae,RGIG3009,Unclassified
MAG_813,chromosome,Bacteroidota,Bacteroidia,Bacteroidales,UBA932,Cryptobacteroides,Cryptobacteroides sp900546925
MAG_82,chromosome,FirmicuteA,Clostridia,Lachnospirales,Lachnospiraceae,Faecalimonas,Unclassified
MAG_822,chromosome,Bacteroidota,Bacteroidia,Bacteroidales,Rikenellaceae,Alistipes,Alistipes shahii
MAG_83,chromosome,FirmicuteA,Clostridia,Oscillospirales,Ruminococcaceae,Fimivivens,Fimivivens sp900113995
MAG_832,chromosome,FirmicuteA,Clostridia,Oscillospirales,Oscillospiraceae,Faecousia,Unclassified
MAG_84,chromosome,FirmicuteA,Clostridia,Oscillospirales,Oscillospiraceae,UBA738,UBA738 sp004557735
MAG_845,chromosome,Planctomycetota,Planctomycetia,Pirellulales,Thermoguttaceae,RUG369,Unclassified
MAG_847,chromosome,FirmicuteA,Clostridia,Oscillospirales,Oscillospiraceae,Unclassified,Unclassified
MAG_849,chromosome,FirmicuteA,Clostridia,Oscillospirales,Acutalibacteraceae,SIG598,SIG598 sp017936365
MAG_85,chromosome,FirmicuteA,Clostridia,Lachnospirales,Lachnospiraceae,Lachnoclostridium_B,Unclassified
MAG_854,chromosome,FirmicuteA,Clostridia,Oscillospirales,Oscillospiraceae,Faecousia,Unclassified
MAG_858,chromosome,FirmicuteA,Clostridia,Oscillospirales,Oscillospiraceae,Avoscillospira,Unclassified
MAG_86,chromosome,FirmicuteA,Clostridia,Christensenellales,CAG-74,Limiplasma,Unclassified
MAG_860,chromosome,FirmicuteA,Clostridia,Oscillospirales,Oscillospiraceae,CAG-83,CAG-83 sp015067525
MAG_869,chromosome,FirmicuteA,Clostridia,Christensenellales,CAG-74,Limiplasma,Unclassified
MAG_870,chromosome,FirmicuteA,Clostridia,Oscillospirales,Acutalibacteraceae,UMGS172,Unclassified
MAG_872,chromosome,FirmicuteA,Clostridia,Oscillospirales,CAG-272,RUG11130,Unclassified
MAG_874,chromosome,FirmicuteA,Clostridia,TANB77,CAG-508,HGM13634,Unclassified
MAG_877,chromosome,FirmicuteA,Clostridia,Oscillospirales,Oscillospiraceae,Avoscillospira,Unclassified
MAG_88,chromosome,FirmicuteA,Clostridia,Oscillospirales,Acutalibacteraceae,UBA6857,Unclassified
MAG_880,chromosome,FirmicuteA,Clostridia,Oscillospirales,CAG-272,UBA11512,UBA11512 sp003522145
MAG_881,chromosome,FirmicuteA,Clostridia,Oscillospirales,Oscillospiraceae,UBA738,Unclassified
MAG_882,chromosome,FirmicuteA,Clostridia,Oscillospirales,Oscillospiraceae,Faecousia,Unclassified
MAG_885,chromosome,FirmicuteB,Dehalobacteriia,UBA4068,UBA4068,Unclassified,Unclassified
MAG_891,chromosome,Bacteroidota,Bacteroidia,Bacteroidales,Bacteroidaceae,HGM04593,HGM04593 sp017442185
MAG_893,chromosome,FirmicuteA,Clostridia,Oscillospirales,Acutalibacteraceae,CAJFUH01,Unclassified
MAG_894,chromosome,FirmicuteA,Clostridia,TANB77,CAG-508,RGIG8482,Unclassified
MAG_895,chromosome,FirmicuteA,Clostridia,Oscillospirales,Oscillospiraceae,Faecousia,Unclassified
MAG_897,chromosome,FirmicuteA,Clostridia,Lachnospirales,Lachnospiraceae,Pseudolachnospira,Unclassified
MAG_898,chromosome,FirmicuteA,Clostridia,Christensenellales,CAG-138,Unclassified,Unclassified
MAG_899,chromosome,FirmicuteA,Clostridia,Lachnospirales,Lachnospiraceae,Clostridium_AP,Clostridium_AP scindens
MAG_9,chromosome,FirmicuteA,Clostridia,Oscillospirales,Oscillospiraceae,Faecousia,Unclassified
MAG_90,chromosome,FirmicuteA,Clostridia,Christensenellales,UBA1750,UBA1428,Unclassified
MAG_901,chromosome,FirmicuteA,Clostridia,Oscillospirales,CAG-272,UBA1740,UBA1740 sp017504785
MAG_906,chromosome,Desulfobacterota_I,Desulfovibrionia,Desulfovibrionales,Desulfovibrionaceae,Mailhella,Unclassified
MAG_908,chromosome,FirmicuteA,Clostridia,Oscillospirales,Oscillospiraceae,Avoscillospira,Unclassified
MAG_909,chromosome,FirmicuteA,Clostridia,Oscillospirales,Oscillospiraceae,Limivicinus,Limivicinus sp002320035
MAG_91,chromosome,FirmicuteA,Clostridia,Oscillospirales,Ruminococcaceae,UBA3818,UBA3818 sp900557155
MAG_910,chromosome,FirmicuteA,Clostridia,Oscillospirales,CAG-272,Avispirillum,Unclassified
MAG_911,chromosome,FirmicuteA,Clostridia,Oscillospirales,Oscillospiraceae,Lawsonibacter,Unclassified
MAG_912,chromosome,FirmicuteA,Clostridia,Monoglobales,Monoglobaceae,UMGS1326,Unclassified
MAG_913,chromosome,FirmicuteC,Negativicutes,Acidaminococcales,Acidaminococcaceae,Phascolarctobacterium_A,Unclassified
MAG_917,chromosome,FirmicuteA,Clostridia,Oscillospirales,Oscillospiraceae,CAG-170,CAG-170 sp002404795
MAG_919,chromosome,FirmicuteA,Clostridia,Oscillospirales,UBA644,HGM12619,HGM12619 sp017621705
MAG_920,chromosome,FirmicuteA,Clostridia,Christensenellales,Borkfalkiaceae,Scatosoma,Unclassified
MAG_921,chromosome,FirmicuteA,Clostridia,Oscillospirales,Oscillospiraceae,Avoscillospira,Unclassified
MAG_922,chromosome,FirmicuteA,Clostridia,Lachnospirales,Anaerotignaceae,Anaerotignum,Unclassified
MAG_923,chromosome,FirmicuteA,Clostridia,Oscillospirales,Ruminococcaceae,Negativibacillus,Negativibacillus sp017439985
MAG_924,chromosome,FirmicuteA,Clostridia,TANB77,CAG-508,CAG-269,Unclassified
MAG_927,chromosome,FirmicuteA,Clostridia,Oscillospirales,Butyricicoccaceae,Butyricicoccus,Unclassified
MAG_93,chromosome,FirmicuteA,Clostridia,Oscillospirales,Oscillospiraceae,NSJ-62,Unclassified
MAG_931,chromosome,FirmicuteA,Clostridia,Oscillospirales,Oscillospiraceae,Faecousia,Unclassified
MAG_932,chromosome,FirmicuteA,Clostridia,Lachnospirales,Lachnospiraceae,1XD8-76,Unclassified
MAG_934,chromosome,FirmicuteA,Clostridia,Lachnospirales,Lachnospiraceae,Copromonas,Unclassified
MAG_94,chromosome,Actinobacteriota,Coriobacteriia,Coriobacteriales,Eggerthellaceae,Unclassified,Unclassified
MAG_946,chromosome,FirmicuteA,Clostridia,Oscillospirales,Oscillospiraceae,Avoscillospira,Unclassified
MAG_95,chromosome,Bacteroidota,Bacteroidia,Bacteroidales,Marinifilaceae,Odoribacter,Odoribacter splanchnicus
MAG_951,chromosome,FirmicuteA,Clostridia,Christensenellales,UBA1242,Caccovivens,Unclassified
MAG_952,chromosome,FirmicuteA,Clostridia,Oscillospirales,Oscillospiraceae,Faecousia,Unclassified
MAG_96,chromosome,FirmicuteA,Clostridia,Oscillospirales,Acutalibacteraceae,HGM12789,Unclassified
MAG_960,chromosome,FirmicuteA,Clostridia,Oscillospirales,Acutalibacteraceae,RGIG1959,Unclassified
MAG_962,chromosome,Campylobacterota,Campylobacteria,Campylobacterales,Campylobacteraceae,Campylobacter,Campylobacter sp017506845
MAG_967,chromosome,FirmicuteA,Clostridia,Monoglobales,Monoglobaceae,UMGS1820,Unclassified
MAG_974,chromosome,FirmicuteA,Clostridia,Lachnospirales,Lachnospiraceae,CAG-303,Unclassified
MAG_98,chromosome,FirmicuteA,Clostridia,Oscillospirales,Ruminococcaceae,Schneewindia,Unclassified
MAG_981,chromosome,FirmicuteA,Clostridia,Oscillospirales,Oscillospiraceae,Faecousia,Unclassified
MAG_985,chromosome,FirmicuteA,Clostridia,Christensenellales,Christensenellaceae,QANA01,QANA01 sp003149735
MAG_991,chromosome,FirmicuteA,Clostridia,Christensenellales,CAG-138,RGIG3096,Unclassified
MAG_994,chromosome,Planctomycetota,Planctomycetia,Pirellulales,Thermoguttaceae,RUG369,RUG369 sp017937485
vMAG_1,virus,Uroviricota ,Caudoviricetes,Caudoviralev,Siphoviridae,Unclassified,Unclassified
vMAG_10,virus,Uroviricota ,Caudoviricetes,Caudoviralev,Siphoviridae,Unclassified,Unclassified
vMAG_11,virus,Uroviricota ,Caudoviricetes,Caudoviralev,Siphoviridae,Unclassified,Unclassified
vMAG_12,virus,Uroviricota ,Caudoviricetes,Caudoviralev,Siphoviridae,Unclassified,Unclassified
vMAG_13,virus,Uroviricota ,Caudoviricetes,Caudoviralev,Siphoviridae,Unclassified,Unclassified
vMAG_14,virus,Uroviricota ,Caudoviricetes,Caudoviralev,Myoviridae,Unclassified,Unclassified
vMAG_15,virus,Uroviricota ,Caudoviricetes,Caudoviralev,Myoviridae,Unclassified,Unclassified
vMAG_16,virus,Uroviricota ,Caudoviricetes,Caudoviralev,Siphoviridae,Unclassified,Unclassified
vMAG_17,virus,Uroviricota ,Caudoviricetes,Caudoviralev,Siphoviridae,Unclassified,Unclassified
vMAG_18,virus,Uroviricota ,Caudoviricetes,Caudoviralev,Herpesviridae,Unclassified,Unclassified
vMAG_19,virus,Uroviricota ,Caudoviricetes,Caudoviralev,Myoviridae,Unclassified,Unclassified
vMAG_2,virus,Uroviricota ,Caudoviricetes,Caudoviralev,Siphoviridae,Unclassified,Unclassified
vMAG_20,virus,Uroviricota ,Caudoviricetes,Caudoviralev,Siphoviridae,Unclassified,Unclassified
vMAG_21,virus,Uroviricota ,Caudoviricetes,Caudoviralev,Myoviridae,Unclassified,Unclassified
vMAG_22,virus,Uroviricota ,Caudoviricetes,Caudoviralev,Siphoviridae,Unclassified,Unclassified
vMAG_23,virus,Uroviricota ,Caudoviricetes,Caudoviralev,Myoviridae,Unclassified,Unclassified
vMAG_24,virus,Uroviricota ,Caudoviricetes,Caudoviralev,Myoviridae,Unclassified,Unclassified
vMAG_25,virus,Uroviricota ,Caudoviricetes,Caudoviralev,Podoviridae,Unclassified,Unclassified
vMAG_26,virus,Uroviricota ,Caudoviricetes,Caudoviralev,Siphoviridae,Unclassified,Unclassified
vMAG_27,virus,Uroviricota ,Caudoviricetes,Caudoviralev,Siphoviridae,Unclassified,Unclassified
vMAG_28,virus,Uroviricota ,Caudoviricetes,Caudoviralev,Podoviridae,Unclassified,Unclassified
vMAG_29,virus,Uroviricota ,Caudoviricetes,Caudoviralev,Siphoviridae,Unclassified,Unclassified
vMAG_3,virus,Uroviricota ,Caudoviricetes,Caudoviralev,Myoviridae,Unclassified,Unclassified
vMAG_30,virus,Uroviricota ,Caudoviricetes,Caudoviralev,Siphoviridae,Unclassified,Unclassified
vMAG_31,virus,Uroviricota ,Caudoviricetes,Caudoviralev,Siphoviridae,Unclassified,Unclassified
vMAG_32,virus,Uroviricota ,Caudoviricetes,Caudoviralev,Siphoviridae,Unclassified,Unclassified
vMAG_33,virus,Uroviricota ,Caudoviricetes,Caudoviralev,Siphoviridae,Unclassified,Unclassified
vMAG_34,virus,Uroviricota ,Caudoviricetes,Caudoviralev,Podoviridae,Unclassified,Unclassified
vMAG_35,virus,Uroviricota ,Caudoviricetes,Caudoviralev,Herpesviridae,Unclassified,Unclassified
vMAG_36,virus,Uroviricota ,Caudoviricetes,Caudoviralev,Siphoviridae,Unclassified,Unclassified
vMAG_37,virus,Uroviricota ,Caudoviricetes,Caudoviralev,Siphoviridae,Unclassified,Unclassified
vMAG_38,virus,Uroviricota ,Caudoviricetes,Caudoviralev,Podoviridae,Unclassified,Unclassified
vMAG_39,virus,Uroviricota ,Caudoviricetes,Caudoviralev,Myoviridae,Unclassified,Unclassified
vMAG_4,virus,Uroviricota ,Caudoviricetes,Caudoviralev,Myoviridae,Unclassified,Unclassified
vMAG_40,virus,Uroviricota ,Caudoviricetes,Caudoviralev,Myoviridae,Unclassified,Unclassified
vMAG_41,virus,Uroviricota ,Caudoviricetes,Caudoviralev,Myoviridae,Unclassified,Unclassified
vMAG_42,virus,Uroviricota ,Caudoviricetes,Caudoviralev,Podoviridae,Unclassified,Unclassified
vMAG_43,virus,Uroviricota ,Caudoviricetes,Caudoviralev,Myoviridae,Unclassified,Unclassified
vMAG_44,virus,Uroviricota ,Caudoviricetes,Caudoviralev,Podoviridae,Unclassified,Unclassified
vMAG_45,virus,Uroviricota ,Caudoviricetes,Caudoviralev,Siphoviridae,Unclassified,Unclassified
vMAG_46,virus,Uroviricota ,Caudoviricetes,Caudoviralev,Siphoviridae,Unclassified,Unclassified
vMAG_47,virus,Uroviricota ,Caudoviricetes,Caudoviralev,Siphoviridae,Unclassified,Unclassified
vMAG_48,virus,Uroviricota ,Caudoviricetes,Caudoviralev,Myoviridae,Unclassified,Unclassified
vMAG_49,virus,Uroviricota ,Caudoviricetes,Caudoviralev,Myoviridae,Unclassified,Unclassified
vMAG_5,virus,Uroviricota ,Caudoviricetes,Caudoviralev,Herpesviridae,Unclassified,Unclassified
vMAG_50,virus,Uroviricota ,Caudoviricetes,Caudoviralev,Siphoviridae,Unclassified,Unclassified
vMAG_51,virus,Uroviricota ,Caudoviricetes,Caudoviralev,Myoviridae,Unclassified,Unclassified
vMAG_52,virus,Uroviricota ,Caudoviricetes,Caudoviralev,Podoviridae,Unclassified,Unclassified
vMAG_53,virus,Uroviricota ,Caudoviricetes,Caudoviralev,Lipothrixviridae,Unclassified,Unclassified
vMAG_54,virus,Uroviricota ,Caudoviricetes,Caudoviralev,Siphoviridae,Unclassified,Unclassified
vMAG_55,virus,Uroviricota ,Caudoviricetes,Caudoviralev,Siphoviridae,Unclassified,Unclassified
vMAG_56,virus,Uroviricota ,Caudoviricetes,Caudoviralev,Siphoviridae,Unclassified,Unclassified
vMAG_57,virus,Uroviricota ,Caudoviricetes,Caudoviralev,Podoviridae,Unclassified,Unclassified
vMAG_58,virus,Uroviricota ,Caudoviricetes,Caudoviralev,Podoviridae,Unclassified,Unclassified
vMAG_59,virus,Uroviricota ,Caudoviricetes,Caudoviralev,Siphoviridae,Unclassified,Unclassified
vMAG_6,virus,Uroviricota ,Caudoviricetes,Caudoviralev,Myoviridae,Unclassified,Unclassified
vMAG_60,virus,Peploviricota,Herviviricetes,Herpesviralev,Herpesviridae,Unclassified,Unclassified
vMAG_61,virus,Uroviricota ,Caudoviricetes,Caudoviralev,Siphoviridae,Unclassified,Unclassified
vMAG_62,virus,Uroviricota ,Caudoviricetes,Caudoviralev,Siphoviridae,Unclassified,Unclassified
vMAG_63,virus,Uroviricota ,Caudoviricetes,Caudoviralev,Siphoviridae,Unclassified,Unclassified
vMAG_64,virus,Uroviricota ,Caudoviricetes,Caudoviralev,Podoviridae,Unclassified,Unclassified
vMAG_65,virus,Uroviricota ,Caudoviricetes,Caudoviralev,Siphoviridae,Unclassified,Unclassified
vMAG_66,virus,Uroviricota ,Caudoviricetes,Caudoviralev,Siphoviridae,Unclassified,Unclassified
vMAG_67,virus,Uroviricota ,Caudoviricetes,Caudoviralev,Myoviridae,Unclassified,Unclassified
vMAG_68,virus,Uroviricota ,Caudoviricetes,Caudoviralev,Siphoviridae,Unclassified,Unclassified
vMAG_69,virus,Uroviricota ,Caudoviricetes,Caudoviralev,Siphoviridae,Unclassified,Unclassified
vMAG_7,virus,Uroviricota ,Caudoviricetes,Caudoviralev,Myoviridae,Unclassified,Unclassified
vMAG_8,virus,Uroviricota ,Caudoviricetes,Caudoviralev,Myoviridae,Unclassified,Unclassified
vMAG_9,virus,Uroviricota ,Caudoviricetes,Caudoviralev,Myoviridae,Unclassified,Unclassified
contig_11187,plasmid,Pseudomonadota,Alphaproteobacteria,Rhodospirillales,Acetobacteraceae,Acidiphilium,Acidiphilium_multivorum
contig_11406,plasmid,Bacillota,Bacilli,Bacillales,Paenibacillaceae,Paenibacillus,Paenibacillus_polymyxa
contig_11696,plasmid,Bacillota,Bacilli,Bacillales,Bacillaceae,Priestia,Priestia_megaterium
contig_12067,plasmid,Pseudomonadota,Alphaproteobacteria,Rhodobacterales,Paracoccaceae,Paracoccus,Paracoccus_sp._AK26
contig_12088,plasmid,Pseudomonadota,Gammaproteobacteria,Legionellales,Legionellaceae,Legionella,Legionella_adelaidensis
contig_12401,plasmid,Pseudomonadota,Alphaproteobacteria,Hyphomicrobiales,Rhizobiaceae,Allorhizobium,Allorhizobium_pseudoryzae
contig_13181,plasmid,Bacteroidota,Bacteroidia,Bacteroidales,Prevotellaceae,Prevotella,Prevotella_nigrescens
contig_14129,plasmid,Bacillota,Clostridia,Eubacteriales,Lachnospiraceae,Pseudobutyrivibrio,Pseudobutyrivibrio_xylanivorans
contig_16113,plasmid,Bacillota,Bacilli,Lactobacillales,Streptococcaceae,Streptococcus,Streptococcus_oralis
contig_16114,plasmid,Bacillota,Bacilli,Lactobacillales,Streptococcaceae,Streptococcus,Streptococcus_oralis
contig_16443,plasmid,Pseudomonadota,Betaproteobacteria,Burkholderiales,Burkholderiaceae,Cupriavidus,Cupriavidus_metallidurans
contig_19633,plasmid,Actinomycetota,Actinomycetes,Mycobacteriales,Corynebacteriaceae,Corynebacterium,Corynebacterium_sp._FDAARGOS_1242
contig_19634,plasmid,Pseudomonadota,Alphaproteobacteria,Hyphomicrobiales,Phyllobacteriaceae,Mesorhizobium,Mesorhizobium_sp._AR07
contig_19636,plasmid,Bacillota,Bacilli,Lactobacillales,Streptococcaceae,Streptococcus,Streptococcus_oralis
contig_21881,plasmid,Bacillota,Bacilli,Lactobacillales,Enterococcaceae,Enterococcus,Enterococcus_faecalis
contig_21883,plasmid,Bacillota,Bacilli,Lactobacillales,Enterococcaceae,Enterococcus,Enterococcus_faecalis
contig_23075,plasmid,Pseudomonadota,Alphaproteobacteria,Hyphomicrobiales,Rhizobiaceae,Agrobacterium,Agrobacterium_fabacearum
contig_24425,plasmid,Pseudomonadota,Alphaproteobacteria,Hyphomicrobiales,Rhizobiaceae,Rhizobium,Rhizobium_leguminosarum
contig_24784,plasmid,Bacillota,Bacilli,Bacillales,Paenibacillaceae,Paenibacillus,Paenibacillus_cellulosilyticus
contig_31459,plasmid,Bacteroidota,Bacteroidia,Bacteroidales,Prevotellaceae,Prevotella,Prevotella_sp._oral_taxon_299
contig_33525,plasmid,Pseudomonadota,Alphaproteobacteria,Hyphomicrobiales,Rhizobiaceae,Shinella,Shinella_zoogloeoides
contig_33533,plasmid,Pseudomonadota,Alphaproteobacteria,Rhodospirillales,Azospirillaceae,Azospirillum,Azospirillum_sp._TSH58
contig_33671,plasmid,Actinomycetota,Actinomycetes,Propionibacteriales,Propionibacteriaceae,Cutibacterium,Cutibacterium_acnes
contig_35830,plasmid,Bacillota,Bacilli,Bacillales,Bacillaceae,Niallia,Niallia_circulans
contig_38647,plasmid,Pseudomonadota,Alphaproteobacteria,Hyphomicrobiales,Rhizobiaceae,Rhizobium,Rhizobium_leguminosarum
contig_41056,plasmid,Pseudomonadota,Alphaproteobacteria,Rhodobacterales,Paracoccaceae,Pseudorhodobacter,Pseudorhodobacter_turbinis
contig_43078,plasmid,Bacteroidota,Bacteroidia,Bacteroidales,Bacteroidaceae,Bacteroides,Bacteroides_sp._CACC_737
contig_43801,plasmid,Bacillota,Bacilli,Bacillales,Bacillaceae,Mesobacillus,Mesobacillus_foraminis
contig_44310,plasmid,Bacillota,Clostridia,Eubacteriales,Oscillospiraceae,Vescimonas,Vescimonas_fastidiosa
contig_46251,plasmid,Actinomycetota,Actinomycetes,Mycobacteriales,Tsukamurellaceae,Tsukamurella,Tsukamurella_tyrosinosolvens
contig_46371,plasmid,Pseudomonadota,Alphaproteobacteria,Hyphomicrobiales,Rhizobiaceae,Rhizobium,Rhizobium_rhizoryzae
contig_48059,plasmid,Bacillota,Clostridia,Eubacteriales,Clostridiaceae,Clostridium,Clostridium_butyricum
contig_50444,plasmid,Bacillota,Bacilli,Lactobacillales,Lactobacillaceae,Latilactobacillus,Latilactobacillus_curvatus
contig_50816,plasmid,Pseudomonadota,Alphaproteobacteria,Rhodospirillales,Azospirillaceae,Indioceanicola,Indioceanicola_profundi
contig_52166,plasmid,Bacteroidota,Bacteroidia,Bacteroidales,Prevotellaceae,Prevotella,Prevotella_sp._oral_taxon_299
contig_55055,plasmid,Bacillota,Bacilli,Lactobacillales,Enterococcaceae,Enterococcus,Enterococcus_faecium
contig_5516,plasmid,Bacteroidota,Bacteroidia,Bacteroidales,Bacteroidaceae,Phocaeicola,Phocaeicola_dorei
contig_56100,plasmid,Bacillota,Bacilli,Bacillales,Bacillaceae,Priestia,Priestia_megaterium
contig_56214,plasmid,Pseudomonadota,Alphaproteobacteria,Hyphomicrobiales,Rhizobiaceae,Neorhizobium,Neorhizobium_galegae
contig_58103,plasmid,Bacillota,Clostridia,Eubacteriales,Oscillospiraceae,Vescimonas,Vescimonas_fastidiosa
contig_58576,plasmid,Pseudomonadota,Gammaproteobacteria,Enterobacterales,Enterobacteriaceae,Salmonella,Salmonella_enterica
contig_60246,plasmid,Bacillota,Bacilli,Bacillales,Bacillaceae,Bacillus,Bacillus_thuringiensis
contig_60444,plasmid,Bacillota,Bacilli,Bacillales,Bacillaceae,Bacillus,Bacillus_cereus
contig_7206,plasmid,Bacillota,Bacilli,Bacillales,Bacillaceae,Mesobacillus,Mesobacillus_foraminis
contig_8855,plasmid,Bacteroidota,Bacteroidia,Bacteroidales,Bacteroidaceae,Bacteroides,Bacteroides_xylanisolvens
